review_length,number_of_keywords,word_diversity,word_complexity,has_image,has_emoji,timing,count_helpful,creativity
279,145,60.16117527341705,7.7,0,0,633,3,72.49569910622779
85,37,62.24268240572587,7.5,1,0,666,0,66.88299782219387
101,46,46.11631944444444,11.4,0,0,652,2,70.64807181734413
52,25,84.12444444444442,11.3,0,0,672,0,52.90823614313489
66,34,66.0,5.4,0,0,659,0,68.36760753677005
94,48,47.0670731707317,3.8,1,0,650,1,60.59283756074451
276,137,48.95128397483986,4.3,0,0,589,8,74.16294612700031
63,32,43.03858148088917,8.9,0,0,662,2,64.50566954555966
80,38,53.329459712507585,7.3,0,0,653,1,64.92431298607872
77,34,51.235072412155745,2.2,1,0,652,0,56.66894309577488
40,26,89.60000000000001,8.0,0,0,667,0,68.74767006153152
58,33,78.49333333333335,7.2,0,0,659,0,73.39426527420679
22,13,135.52000000000015,4.1,0,0,676,0,70.94791850873402
37,19,63.88666666666667,14.6,0,0,658,0,72.92602812161758
31,17,44.84666666666666,3.3,0,0,665,0,70.30102880228132
30,15,50.40000000000002,0.2,0,0,654,0,68.51250947940916
27,12,102.06,10.9,0,0,664,0,65.14676468712943
49,24,49.0,3.5,0,0,650,0,71.07473931142262
3,1,0.0,-5.9,0,0,666,0,
73,38,73.0,4.5,0,0,636,0,73.08346643334343
18,11,0.0,5.9,0,0,651,0,58.55458368148122
18,8,45.359999999999985,3.8,0,0,664,0,71.79481656778425
18,11,45.359999999999985,8.0,0,0,663,0,66.97886430081867
8,3,0.0,1.4,0,0,668,0,
12,6,40.319999999999986,2.6,0,0,648,0,
13,3,23.660000000000004,1.7,0,0,649,0,
3,2,0.0,2.1,0,0,666,0,
29,17,58.86999999999998,2.4,0,0,647,1,67.72169013108525
7,3,13.719999999999997,-0.3,0,0,659,0,
8,6,0.0,2.9,0,0,657,0,
47,23,68.72444444444443,3.6,0,0,633,0,71.47205826782044
5,4,0.0,3.7,0,0,659,0,
43,24,103.54400000000003,4.2,0,0,636,0,70.84286418699082
101,47,58.716411686791744,3.3,0,0,576,16,63.966901316529224
32,15,84.00000000000003,4.0,0,0,636,0,75.06630920938083
6,4,0.0,1.2,0,0,629,0,
16,11,0.0,12.2,0,0,645,0,67.75869854858944
20,7,28.000000000000007,5.2,1,0,637,2,
64,32,45.12967519685039,11.7,0,0,614,2,65.44304914062931
6,3,0.0,-2.0,0,0,616,0,
4,3,0.0,-1.9,1,0,645,0,
20,13,111.99999999999991,11.4,0,0,634,0,83.91997568708446
309,182,90.66316281535558,7.1,0,0,406,29,79.26576896792366
24,11,0.0,4.6,0,0,630,0,68.76187913474583
89,38,46.53791291291292,6.3,0,0,662,1,73.94413661455647
13,8,47.320000000000036,11.2,0,0,604,1,79.40775139168615
16,10,71.68,2.6,0,0,635,1,74.07108534659658
6,4,0.0,2.8,0,0,641,0,
20,12,111.99999999999991,5.9,0,0,598,0,73.33652880929765
123,68,81.49116922287607,4.9,0,0,515,19,76.32570351873126
61,32,80.14461538461539,4.3,0,0,609,2,64.72130538452238
1,1,0.0,16.8,0,0,642,0,
7,5,0.0,1.6,0,0,631,0,
20,14,56.000000000000014,8.8,1,1,581,1,69.61134491222245
28,14,27.440000000000005,10.2,1,0,570,0,
195,98,57.79336260138403,94.5,0,0,527,53,66.45212815631002
27,12,68.03999999999998,4.5,0,0,675,0,76.87843569687435
46,21,53.861818181818194,5.9,0,0,664,2,70.7255613413595
72,43,72.0,8.8,0,0,648,0,68.79143178978536
54,28,78.65200000000003,6.3,1,0,659,0,73.56765227658408
48,24,71.68,9.8,0,0,660,1,68.83917300119286
171,82,70.50474692760207,7.6,0,0,575,0,65.78637092108173
32,15,47.78666666666667,3.8,0,0,608,0,66.34709792477744
5,4,0.0,10.3,0,0,625,0,
14,6,27.439999999999994,4.1,0,0,566,0,
7,6,0.0,-0.6,0,0,578,0,
15,7,0.0,3.0,0,0,672,0,
74,35,74.0,6.0,0,0,508,6,54.551709975515095
21,14,30.870000000000005,11.5,0,0,549,1,64.29888180324009
77,34,77.0,9.4,0,0,503,4,76.44875521461168
61,32,63.45022346368715,25.6,0,0,590,1,62.98559570596331
18,17,90.71999999999997,4.5,0,0,612,0,
63,30,74.088,14.6,0,0,636,0,72.49335141054222
31,16,67.27000000000001,3.3,0,0,539,0,56.82718065522966
86,56,90.03826086956522,8.2,1,0,478,3,75.17899916995138
7,4,13.719999999999997,5.9,0,0,617,0,
59,33,47.065393356643355,8.0,0,0,632,0,68.17781650239513
16,10,0.0,8.8,0,0,664,0,60.23889318818137
23,14,37.03,6.0,0,0,604,0,70.33824345895222
20,10,111.99999999999991,6.9,0,0,661,0,61.74425092481432
65,39,65.0,5.7,0,0,498,0,65.75603974717004
45,29,94.50000000000003,9.2,0,0,588,0,67.55837351083755
12,7,40.319999999999986,7.3,0,0,609,0,68.79631550539106
3,2,0.0,-2.7,0,0,616,0,
59,23,47.99253731343284,3.5,0,0,619,0,70.82148084328288
3,3,0.0,19.3,0,0,616,0,
6,3,0.0,3.6,0,0,550,1,
17,12,80.91999999999999,5.2,0,0,528,0,49.50080003057207
79,45,70.48706896551724,7.5,0,0,599,1,71.24304608220146
35,14,42.875000000000014,4.7,0,0,2456,1,77.57961074156421
16,10,23.893333333333334,4.0,0,0,2594,0,65.2706415170715
82,42,104.59555555555559,5.4,0,0,2326,2,77.55725172658762
20,9,56.000000000000014,8.6,0,0,2566,0,69.99544985592365
48,27,92.16,7.1,0,0,2562,0,76.85061647068888
35,19,68.59999999999998,3.2,0,0,2503,1,81.91865269272101
11,8,0.0,6.3,0,0,2594,0,70.96164467788878
140,66,75.14512658517603,10.0,0,0,2189,1,65.52287148577827
1,0,0.0,0.0,0,0,817,26,
40,21,112.00000000000003,4.8,0,1,2417,2,79.98068177008203
12,7,0.0,3.8,0,0,2296,1,70.1874028447838
410,193,66.01609663357209,9.2,0,0,2385,2,77.74836201043355
131,76,98.32171294913906,4.9,0,0,2059,0,66.96227870526768
24,11,0.0,2.8,0,0,2454,2,74.29229702268329
120,62,79.0727492334851,9.4,0,0,2224,0,62.49599183599154
268,139,89.33333333333333,14.8,0,0,680,1,64.81915038256419
45,15,56.70000000000001,7.3,0,0,2366,1,63.98673426537287
89,40,81.60465116279069,2.3,0,0,2242,0,72.44781182990188
12,7,0.0,8.5,0,0,2609,0,
58,35,72.45538461538462,5.2,0,0,2284,0,64.83500592765354
81,40,96.68842105263157,10.9,1,0,2475,1,56.6534277229082
25,14,58.33333333333334,0.1,0,0,2354,0,62.63870376916159
53,31,65.54333333333335,5.1,0,0,2211,0,73.39003502967812
10,5,0.0,-1.6,0,0,2408,1,
33,17,101.63999999999999,1.8,0,0,2298,0,73.53856549376533
95,49,67.6100992337646,8.5,0,0,2123,1,71.43296297817004
15,7,63.00000000000002,0.8,0,0,2355,0,63.87891673616001
10,8,0.0,6.0,0,0,2368,1,63.347551226615906
11,8,0.0,7.5,0,0,2323,0,59.36618184759504
54,31,136.07999999999996,6.3,0,0,1559,0,65.87041864792505
53,28,112.36000000000004,4.7,0,0,2387,0,66.49322967444148
20,10,0.0,6.7,0,0,1961,0,72.1768536737987
43,20,47.06545454545454,5.9,0,0,1989,0,71.82169453728766
53,23,53.0,8.6,0,0,1868,0,67.00938897473472
114,59,86.84527972027972,8.8,0,0,637,13,79.26087331558976
20,10,111.99999999999991,8.4,0,0,1926,0,64.31736648082733
61,29,74.42,3.7,0,0,1745,0,78.3850251963096
105,54,110.25,6.7,0,0,808,0,72.32166532249677
91,48,91.0,4.9,0,0,1200,1,66.12900594870248
26,11,94.64000000000007,10.4,0,0,1777,0,77.6874860837346
39,16,35.46613114754099,5.1,0,0,2389,0,67.9902895575478
4,3,0.0,5.3,0,0,2477,1,
54,26,58.32,3.6,0,0,1315,0,73.97646137646267
35,21,85.74999999999997,5.8,0,0,2561,0,68.3189238111178
63,28,55.279411764705884,4.2,0,0,2258,0,69.79397673692021
88,47,62.73158056192142,4.3,0,0,848,0,76.84899714021456
18,10,90.71999999999997,4.0,0,0,1706,0,77.83310038170644
14,9,0.0,6.8,0,0,2160,0,80.74864430707835
72,32,72.0,5.0,0,0,1292,1,71.43356424002421
1,1,0.0,-6.9,0,0,1954,0,
11,7,0.0,1.4,0,0,2444,0,68.50131778489977
61,33,94.71636363636367,13.6,0,0,1510,0,63.55135064749491
13,5,47.320000000000036,1.4,0,0,2599,0,
23,13,148.12000000000012,3.2,0,0,2037,0,67.49775601284844
50,22,87.49999999999999,6.1,0,0,1728,0,74.55997783247203
47,23,88.36000000000001,3.4,0,0,1744,0,76.98047597493444
48,23,29.27242286534322,5.3,0,0,912,0,75.0582231652169
24,14,40.320000000000014,3.0,0,0,1994,0,66.9017975529035
42,25,44.90181818181819,3.2,0,0,1659,0,70.5386553935352
56,24,58.538666666666664,11.0,0,0,1490,0,74.02202302501316
57,33,57.0,10.1,0,0,2492,0,63.14342092900049
44,22,129.42999999999992,6.0,0,0,1740,0,69.15397665330342
47,24,88.36000000000001,4.7,0,0,1700,0,73.45227116630191
54,25,54.0,0.8,0,0,1459,0,67.31545321998142
36,15,51.84000000000001,1.6,0,0,1701,0,78.46475930086204
72,32,42.07786429365962,6.1,0,0,793,0,77.39924721162035
38,21,67.38666666666666,8.5,0,0,1763,0,71.76813752878279
11,4,0.0,6.3,0,0,2584,0,
39,19,70.98,4.5,0,0,1121,0,68.91295377697263
73,33,56.22610294117647,9.5,0,0,756,0,64.40451407716388
43,20,57.524444444444434,8.2,0,0,1690,0,58.49600760709672
74,35,61.09302325581396,6.2,0,0,1953,0,65.9829372451419
68,37,107.89333333333332,7.7,1,0,764,43,57.879397627853216
49,25,74.6977777777778,5.1,0,0,1379,0,75.30428276264242
36,14,51.84000000000001,6.1,0,0,1701,0,69.38737052537147
10,5,0.0,3.8,0,0,2019,0,
72,38,85.3835294117647,6.4,0,0,482,3,70.7527481729076
102,49,83.91489361702128,4.3,0,0,2218,1,69.57877427339554
24,11,80.63999999999997,0.0,0,0,2531,0,51.171220342318215
71,27,52.21379233511586,3.0,0,0,2407,0,75.58066436932201
62,29,76.88000000000001,9.5,0,0,757,0,72.01585535492215
57,33,101.07999999999997,9.3,0,0,2065,0,69.45616574514479
38,17,40.432,3.1,0,0,621,1,66.3095921987579
3,2,0.0,5.2,0,0,2171,0,
20,7,56.000000000000014,8.8,0,0,1396,0,75.22084691694805
58,38,104.65777777777781,5.5,0,0,837,0,62.4713652190708
10,6,0.0,2.3,0,0,2009,0,
39,18,85.17600000000002,1.2,1,0,542,4,78.33208149919906
5,4,0.0,10.3,0,0,2108,0,
40,20,49.77777777777779,3.3,0,0,396,2,70.16397860078585
59,24,29.067723529793163,4.3,0,0,1513,0,81.69681079508292
28,18,219.52000000000015,2.9,0,1,1513,0,61.67468102205367
63,25,58.435,2.1,0,0,1491,2,55.012716778687064
45,21,56.70000000000001,4.2,0,0,1496,2,66.9888137351899
28,14,43.903999999999996,3.6,0,0,1502,2,71.87873886099884
15,6,63.00000000000002,1.2,0,0,1510,0,
21,12,123.47999999999988,0.7,0,0,1499,1,60.5147500478086
13,6,0.0,3.2,0,0,1505,0,
307,142,62.17302158273381,12.3,1,0,1393,29,73.77377877987567
9,3,0.0,-1.3,0,0,1506,0,
19,13,101.07999999999991,7.3,0,0,1489,1,76.16816513417733
21,11,123.47999999999988,3.6,0,0,1496,1,65.98061046430043
4,3,0.0,2.9,0,0,1506,0,
3,2,0.0,2.1,0,0,1505,0,
10,6,0.0,2.9,0,0,1500,1,
18,13,0.0,7.0,0,0,1491,0,57.01946289766402
8,3,0.0,3.8,0,0,1485,0,
3,2,0.0,0.5,0,0,1490,0,
47,21,68.72444444444443,9.8,0,0,1471,1,58.83428220238004
19,9,50.54000000000001,4.7,0,0,1486,0,65.57234937236423
4,3,0.0,-1.9,0,0,1495,0,
10,4,0.0,1.0,0,0,1488,0,
16,12,16.96,3.7,0,0,1463,1,67.21842727136045
13,5,47.320000000000036,4.3,0,0,1462,0,
13,6,23.660000000000004,0.3,0,0,1480,0,
6,4,0.0,2.0,0,0,1487,0,
41,21,67.24,7.4,0,0,1464,1,76.97935537656858
6,3,0.0,-0.5,0,0,1484,0,
2,1,0.0,3.1,0,0,1484,0,
12,5,13.440000000000001,-0.9,0,0,1475,0,
51,30,72.82800000000002,8.7,0,0,1450,1,74.02033561042377
5,3,0.0,-3.0,0,0,1478,0,
1,0,0.0,0.0,0,0,1514,0,
58,30,31.41666666666667,6.8,0,0,1446,3,77.77077627944804
10,7,0.0,1.3,0,0,1472,1,67.71592008216041
17,7,0.0,3.0,0,0,1469,1,63.72794523125604
42,22,49.391999999999996,2.9,0,0,1443,1,56.07008451507205
18,8,22.680000000000003,-3.4,0,0,1455,0,68.8100220546836
24,10,80.63999999999997,2.4,0,0,1446,1,63.70528240998586
14,8,0.0,1.7,0,0,1454,0,67.85259807393665
38,15,67.38666666666666,3.7,0,0,1439,3,66.20987199601673
15,8,63.00000000000002,2.1,0,0,1513,0,61.735968149843664
28,13,28.0,3.1,0,0,1503,0,66.88446501890817
6,3,0.0,-4.4,0,0,1456,0,
12,10,0.0,2.0,0,0,1402,0,63.590662961914425
3,3,0.0,17.3,0,1,1457,0,
18,11,0.0,4.0,1,0,1446,2,63.707712292671204
4,2,0.0,6.5,0,0,1450,0,
12,9,0.0,0.8,0,0,1443,0,73.55042433454877
9,5,0.0,1.4,0,0,1391,0,
50,23,58.33333333333334,2.9,0,0,1416,5,64.02632885036014
24,13,80.63999999999997,3.2,0,0,1358,7,67.39843395494279
10,6,0.0,2.9,0,0,1373,3,
11,9,0.0,3.5,0,0,1436,0,70.0591462708655
12,9,40.319999999999986,3.1,0,0,1434,0,68.76496731170586
3,2,0.0,-2.7,0,0,1374,0,
24,14,32.256,1.9,0,0,1475,0,64.76915194874718
16,9,35.84,-0.4,0,0,1356,1,66.36726242445764
7,8,0.0,9.9,0,0,1367,0,
23,11,148.12000000000012,2.1,0,0,1340,0,75.26492767390751
3,2,0.0,-1.2,0,0,1439,0,
22,9,33.88000000000001,2.7,0,0,1423,2,70.16531583808717
6,3,0.0,2.0,0,0,1358,0,
2,1,0.0,-1.7,0,0,1437,1,
33,16,152.46000000000015,4.0,0,0,1402,1,65.56174219364212
8,6,17.92,4.9,0,0,1427,0,
3,2,0.0,-2.7,0,0,1432,0,
56,25,45.44783197831978,5.6,0,0,1418,0,68.80829724527541
20,11,0.0,4.3,0,0,1414,2,71.37986464159829
6,3,0.0,3.6,0,0,1424,0,
20,16,0.0,3.3,0,0,1412,1,55.764598860627125
17,7,0.0,7.0,0,0,1415,1,
21,10,30.870000000000005,1.5,0,0,1404,0,48.375580992017476
13,5,47.320000000000036,4.6,0,0,1414,0,
16,8,0.0,2.9,0,0,1413,1,78.02607127953142
14,12,54.88000000000004,5.8,0,0,1413,1,71.6068219216097
32,17,95.57333333333334,1.6,0,0,1289,0,67.52350536130723
21,13,61.74000000000001,4.9,0,0,1440,0,71.93874247688134
32,18,57.34400000000001,2.5,0,0,1383,1,67.51220432065782
33,23,33.830993377483445,4.5,0,0,1415,0,77.55075622172582
4,3,0.0,2.9,0,0,1419,0,
19,8,33.69333333333333,1.9,0,0,1395,1,52.962202259472434
7,7,0.0,3.6,0,0,1404,0,
10,6,0.0,-0.2,0,0,1399,0,
9,5,0.0,6.6,0,0,1432,1,
54,27,74.22545454545454,5.7,0,0,1320,5,80.45190076920248
3,3,0.0,17.8,0,0,1409,0,
14,10,27.439999999999994,6.6,0,0,1420,0,67.9327039136773
28,13,43.903999999999996,1.1,0,0,1370,4,65.85397890635899
6,4,0.0,1.2,1,0,1421,0,
250,134,60.1539039039039,12.3,0,0,651,20,71.62163115683056
157,84,55.29639279051227,3.8,0,0,669,10,70.68818796958242
145,64,62.96052631578948,10.2,0,0,658,5,71.58211203558105
123,56,65.64654772937905,5.7,0,0,675,1,66.46810709720566
144,83,68.90059473237044,11.2,0,0,647,4,72.28554089864096
94,46,74.69291338582677,5.5,0,0,672,1,61.35581980148951
80,42,48.483213164064225,5.2,1,0,676,1,77.50914279548896
155,74,118.07910839160839,37.6,0,0,655,3,65.89440330862999
74,36,70.82333859926277,8.8,0,0,673,1,75.67012292288598
184,90,86.31630971993411,5.3,0,0,638,21,68.72882956550235
99,56,64.65094339622642,4.4,0,0,666,0,74.94238533434414
69,35,69.58105263157896,6.1,0,0,666,1,58.62497247400738
67,33,59.598654970760236,4.9,0,0,669,0,76.38976205849931
92,50,56.92304830985261,13.7,0,0,656,1,77.0631645761785
194,82,54.414635691925525,7.6,0,0,635,22,56.32453901427132
127,64,84.42756337268531,6.1,0,0,644,12,77.2901749504464
50,26,100.0,24.0,0,0,675,2,60.513047022478915
206,110,70.22860336425329,9.0,0,0,624,20,71.85627598138082
54,35,81.64799999999998,6.7,0,0,667,0,62.28477692320234
109,57,78.70696721311475,7.9,0,0,643,5,68.91140663730246
60,32,112.0,3.8,0,0,663,0,74.64872030541301
40,17,89.60000000000001,5.3,0,0,670,0,69.54168854724794
49,25,67.22800000000001,4.7,0,0,667,0,71.9074064777011
40,24,33.827160493827165,0.9,0,0,672,0,64.10644735608783
134,72,92.2786682638374,10.1,0,0,631,8,69.97823527171498
29,14,27.440000000000005,2.9,0,1,678,0,60.54973006248474
86,47,94.13090909090909,9.3,0,0,650,1,67.30454961458841
30,22,252.00000000000009,7.0,0,0,677,0,76.0233454051472
65,35,73.9375,7.4,0,0,653,0,68.28032678791455
42,21,41.65753846153846,3.9,0,0,661,0,54.21132785933358
24,13,32.256,5.6,0,0,672,0,74.92474399152256
86,43,63.776944396822685,2.5,0,0,658,2,69.83966288112458
22,12,135.52000000000015,4.5,0,0,674,0,71.89604991248676
36,18,72.57600000000004,7.6,0,0,676,0,63.465216684909095
80,39,69.84771573604061,6.6,0,0,655,0,75.36107484428656
17,10,0.0,6.5,0,0,672,0,69.21325127283731
16,7,71.68,1.4,0,0,674,0,67.04619179169336
65,33,32.5,8.0,0,0,648,0,68.09950726372855
29,16,58.86999999999998,2.2,0,0,664,0,57.096979944478896
43,20,51.77200000000001,2.0,0,0,658,0,69.43517462128685
28,16,219.52000000000015,2.0,0,0,673,0,66.61453828925178
76,32,76.0,4.8,0,0,642,2,65.04248941228504
58,32,78.49333333333335,4.5,0,0,646,1,57.81675484918413
48,24,49.62461538461538,5.7,0,0,652,0,78.01690807654744
14,9,0.0,1.9,0,0,677,0,64.43931942894345
32,21,47.78666666666667,4.2,0,0,666,0,68.3123081212952
46,23,74.06,8.0,0,0,657,0,75.05783161946705
22,11,123.47999999999988,2.2,0,0,666,0,62.208167428062076
26,12,37.85600000000001,4.1,0,0,663,0,67.364440148785
13,8,0.0,4.6,0,0,672,0,56.73713712465196
37,18,76.66400000000004,4.1,0,0,662,0,68.63538491584006
28,12,73.17333333333337,4.6,0,0,664,0,55.421625716345645
25,10,58.33333333333334,9.9,0,0,663,0,69.76945673425993
12,5,0.0,2.0,0,0,676,0,
24,11,40.320000000000014,-1.6,0,0,670,0,60.40802456083752
11,6,0.0,1.6,0,0,675,0,
28,10,54.87999999999999,-0.6,0,0,659,0,50.91287976219541
9,6,0.0,5.1,0,0,676,0,
20,10,111.99999999999991,4.1,0,0,665,0,67.33684710093907
681,428,68.11091273089919,6.0,0,0,652,6,73.04368459043049
17,8,26.97333333333333,8.4,0,0,668,0,79.82555839809633
16,14,0.0,5.2,0,0,665,0,
15,8,63.00000000000002,5.5,0,0,668,0,69.44142654538155
10,4,28.000000000000007,-1.5,0,0,672,0,
47,23,56.229090909090914,5.8,0,0,648,1,70.8132994316873
48,25,92.16,5.6,0,0,648,1,60.63408014320192
26,11,47.32000000000001,-0.3,0,0,658,0,66.59702346438453
12,6,0.0,6.9,0,0,670,0,
49,22,56.023333333333326,2.3,0,0,640,1,58.07341535886129
20,10,21.200000000000003,7.6,0,0,665,0,66.67474259932837
19,8,33.69333333333333,7.9,0,0,666,0,76.56068016907999
9,8,0.0,9.3,0,0,666,0,58.856298313254406
29,17,24.52469135802469,7.3,0,0,656,0,65.52781150454567
71,41,78.41555555555556,4.1,0,0,629,1,60.164506697938556
29,17,39.24666666666668,6.0,0,0,651,0,73.15546387717838
24,13,80.63999999999997,4.2,0,0,654,0,68.10738667845726
14,7,54.88000000000004,1.2,0,0,663,0,
31,17,53.81600000000002,6.7,0,0,661,0,75.32837092876434
61,29,61.0,5.4,0,0,635,0,68.56712727319628
121,56,51.706395348837205,6.0,0,0,603,7,68.77444024596896
47,20,28.00646240136564,5.2,0,0,640,2,70.91487505961031
3,1,0.0,-9.1,0,0,664,0,
17,10,0.0,2.5,0,0,663,0,77.83678762969517
32,18,33.92,4.3,0,0,647,0,67.20630008549917
29,16,58.86999999999998,3.7,0,0,651,0,72.08062122975078
28,16,54.87999999999999,6.1,0,0,658,0,61.14857771566936
13,7,47.320000000000036,6.1,0,0,665,0,75.9191350035724
24,21,53.760000000000005,1.4,0,0,653,0,
4,3,0.0,14.7,0,0,667,0,
4,2,0.0,-6.6,0,0,663,0,
784,395,88.6866281962728,9.7,1,1,1241,79,66.63260931770006
231,111,64.12244943619116,4.0,0,0,1299,2,84.41963620356373
209,108,69.66666666666667,4.9,1,0,1302,1,67.20755820473036
175,96,90.59010385552136,9.2,0,0,1297,2,65.10759187596184
181,93,57.80257270693512,8.7,0,0,1293,2,65.49724645557858
195,102,103.84196883393147,7.9,0,0,1278,10,61.48172091870081
160,73,58.22686378226864,3.7,0,0,1291,4,59.878927753085186
137,75,66.08988764044943,6.0,0,0,1289,3,71.60146846657707
108,66,136.08,7.4,0,0,1302,0,69.37350588185447
622,300,70.09514237580906,9.5,0,0,1152,93,70.95453003864914
112,52,58.99975665965274,3.1,0,0,1299,0,66.86348599337396
137,82,66.49653161188029,9.6,0,0,1286,3,70.94570510089397
203,112,74.82920678552755,5.6,1,0,1264,11,80.71456993708298
94,57,112.85333333333334,6.7,0,0,1296,0,68.19655118244034
157,72,78.5,12.3,1,0,1278,10,64.72777355284917
219,110,64.54701250578972,6.5,1,0,1267,7,73.30538741800756
147,91,84.19758967150814,10.4,1,0,1267,2,69.08362481210914
93,46,39.41822867853796,6.0,1,0,1293,0,60.3162176552273
104,56,108.16,3.0,0,0,1288,0,60.44035561027981
109,60,74.19080431979368,4.8,0,0,1286,0,71.63378188297862
72,34,47.90811965811966,2.6,0,0,1304,0,70.71212019239154
100,39,65.81092307602931,2.5,0,0,1289,0,69.6466665892374
114,61,117.38322580645165,5.6,0,0,1279,0,75.785790986958
131,63,130.4335135135135,6.3,1,0,1267,6,75.48735390106836
68,33,39.718354430379755,8.4,0,0,1292,0,52.81075735720584
181,91,92.72582804792107,12.4,1,0,1259,2,76.52017409425407
79,40,79.21545454545455,3.3,0,0,1292,1,63.69867353212266
75,41,75.0,9.0,0,0,1293,0,73.13722325932413
89,46,50.42970660146699,3.0,0,0,1283,0,64.38117765244984
102,48,60.34994352534716,4.6,0,0,1284,0,54.760282238324486
67,40,83.79466666666669,6.7,0,0,1288,0,56.71775014627547
168,82,56.0,8.3,0,0,1257,3,68.02086521472249
110,49,68.40595514025514,6.2,0,0,1277,3,56.107282212802346
57,22,50.01470588235294,1.9,0,0,1297,0,69.04860607215336
411,219,79.13844196461618,9.1,0,0,1173,38,68.02846427474704
81,35,50.544054827958504,5.6,0,0,1287,0,79.13106960200128
54,31,74.22545454545454,5.2,0,0,1293,0,67.60433965495655
49,26,42.99509803921569,3.1,0,0,1296,0,67.61219946756249
47,23,47.28923076923077,3.3,1,0,1299,0,84.07342658333835
44,27,60.231111111111105,3.4,0,0,1292,0,73.7183364374297
41,24,94.13600000000001,4.5,0,0,1292,0,67.24566753421512
53,28,63.093333333333355,4.4,0,0,1298,0,64.13591677943865
39,19,39.0,7.1,0,0,1296,0,76.62120686755294
38,16,134.7733333333333,7.9,0,0,1293,0,74.21323564347058
65,23,69.58823529411767,6.0,0,0,1286,0,69.9283433102426
36,20,60.480000000000025,6.8,0,0,1295,0,67.84911482107073
38,21,67.38666666666666,4.4,0,0,1303,0,58.14870798162052
78,41,89.65894736842105,8.0,0,0,1276,0,57.66451479423613
181,98,76.63811933937134,5.7,1,0,1251,11,70.265486375207
226,124,80.45362267717675,12.2,0,0,1228,6,59.50848793699628
64,35,53.189189189189186,3.9,0,0,1289,0,82.15924177451858
35,25,342.9999999999999,2.8,1,0,1293,0,74.51628620425859
58,28,72.45538461538462,4.4,0,0,1287,0,64.18429178496203
83,57,83.0,6.8,1,0,1275,0,77.8443767910912
34,18,64.736,5.2,0,0,1297,0,53.887361429986505
96,44,74.52608929532005,4.1,0,0,1263,0,70.10394029674076
84,47,44.16720604099244,3.4,0,0,1274,0,61.22210643121174
71,33,60.91477272727272,4.1,1,0,1284,0,56.226544933659696
68,36,107.89333333333332,3.3,0,0,1285,0,73.39035545786223
57,29,52.281456953642376,6.5,0,0,1285,0,67.75301521023115
31,18,67.27000000000001,0.2,1,0,1296,0,58.27686013210387
31,19,126.00000000000004,6.3,0,1,1304,0,67.60232923995882
30,18,252.00000000000009,7.3,0,0,1293,0,55.21520624558131
95,47,85.34552845528455,3.5,0,0,1281,0,85.22643293475821
28,19,43.903999999999996,7.9,0,0,1297,0,65.95967823550815
118,54,59.0,2.7,0,0,1270,0,73.2607449249675
52,34,63.093333333333355,4.0,0,0,1282,0,72.29745004858289
53,26,60.50153846153848,1.5,0,0,1284,0,62.366543000652676
27,18,51.03,2.9,0,0,1295,0,71.78765056388718
51,26,28.456717475340827,1.5,0,0,1283,0,70.20076765190989
51,27,66.20727272727274,5.7,0,0,1282,0,61.349097603843326
52,28,43.166582278481016,6.4,0,0,1282,0,63.939442379134036
50,22,42.28395061728395,5.5,0,0,1285,0,68.65822350650672
63,31,74.088,5.3,0,0,1280,0,59.8593804098311
62,34,119.59111111111113,3.5,0,0,1280,0,62.84091955139524
25,14,87.50000000000006,13.1,0,0,1299,0,69.44032914581753
141,72,60.509761388286336,15.3,0,0,1253,1,56.936224372614
24,13,161.28000000000014,3.4,0,0,1300,0,66.17445583854403
45,25,47.25,4.4,0,0,1287,0,63.0443316130411
106,64,42.460385382757536,4.5,1,0,1264,0,68.4625451763471
201,117,94.60878434597679,7.3,1,0,1219,9,58.07392327558427
44,25,90.34666666666668,6.3,0,0,1290,0,62.586020997592385
43,23,64.715,3.0,0,0,1286,0,67.02466280687422
22,11,45.17333333333334,7.8,0,0,1297,0,66.74214601516724
22,12,67.75999999999999,2.2,1,0,1297,0,75.15066383140427
22,13,135.52000000000015,10.1,0,0,1292,0,76.79553232377484
39,25,70.98,5.4,0,0,1287,0,70.12168396086919
41,22,89.60000000000001,4.8,0,0,1280,0,79.59607874619819
21,9,61.74000000000001,2.4,0,0,1294,0,62.76486707585198
40,23,33.91202346041056,4.5,1,0,1282,0,79.80715737766808
23,12,49.37333333333333,5.8,0,0,560,0,62.558125740005856
38,20,57.76,4.5,0,0,546,4,71.24090244372687
27,13,102.06,4.4,0,0,557,0,72.25112755383763
15,7,31.50000000000001,3.0,0,0,554,0,63.55707865385782
18,10,45.359999999999985,5.6,1,0,560,0,64.82662650800887
34,20,80.91999999999999,4.0,0,0,542,0,69.85935437537375
16,7,35.84,0.8,0,0,554,1,63.558715546414966
29,15,47.096,2.6,0,0,531,1,60.737681885560356
23,8,74.05999999999996,10.6,0,0,545,0,83.41170112114578
36,15,72.57600000000004,7.4,0,0,535,2,74.30404202258659
46,26,39.46590909090909,20.8,1,0,538,11,45.03499751999265
18,12,90.71999999999997,6.6,1,0,545,3,70.17763406038284
17,7,40.459999999999994,2.5,0,0,542,0,
10,5,0.0,6.1,0,0,546,0,
36,20,51.84000000000001,5.3,0,0,531,2,60.62961206549689
14,7,54.88000000000004,1.9,0,0,543,0,59.08997498807453
56,26,125.44000000000001,9.2,0,0,498,1,70.12897978226343
77,42,92.22888888888892,8.7,0,0,483,0,65.89481993800118
31,15,89.69333333333331,9.0,0,0,529,1,76.42970596040998
17,7,0.0,0.5,0,0,537,0,57.52211007333937
8,7,0.0,5.6,0,0,543,0,
4,2,0.0,1.8,0,0,545,0,
31,13,134.5399999999999,5.6,0,0,501,0,80.09410026605197
19,9,50.54000000000001,7.9,0,0,532,1,69.84089453305516
6,3,0.0,9.8,0,0,539,0,
7,7,0.0,3.6,0,0,536,0,
1,1,0.0,12.0,0,0,543,0,
1,1,0.0,21.5,1,0,544,0,
15,9,0.0,9.3,0,0,529,0,57.426182358037856
42,21,61.74000000000001,9.6,0,0,513,3,68.85141396806354
5,3,0.0,4.6,1,0,533,1,
6,4,0.0,7.5,0,0,532,0,
29,18,73.17333333333337,7.4,0,0,512,0,63.75053326288859
1,0,0.0,0.0,1,0,519,0,
16,8,35.84,7.5,0,0,518,0,59.96973571323213
7,5,0.0,7.6,0,0,522,0,
5,5,0.0,8.4,0,0,491,0,
20,14,111.99999999999991,4.5,0,0,511,0,71.66322703872409
48,21,48.0,5.7,0,0,553,0,51.67065887224107
7,2,6.860000000000001,-1.9,0,0,515,0,
25,14,31.97115384615384,5.4,1,0,505,2,66.92756960789362
13,9,0.0,5.4,1,0,507,0,73.14936262333677
57,27,60.648,5.4,0,0,483,1,59.43822581321001
9,8,0.0,10.6,0,0,503,0,
48,18,25.595375722543352,22.2,0,0,529,0,64.54273497774487
12,8,0.0,7.9,1,0,501,3,65.68359590712048
13,6,47.320000000000036,7.9,0,0,490,1,
33,12,60.984000000000016,4.9,0,0,509,0,74.24924506672791
20,10,111.99999999999991,2.6,1,0,483,6,58.66475708427883
57,33,101.07999999999997,5.9,0,0,443,1,70.26631860505968
1,1,0.0,12.0,0,0,490,0,
8,5,0.0,4.9,0,0,398,0,
20,9,56.000000000000014,4.1,0,0,471,0,65.00720644281024
12,6,0.0,5.9,0,0,477,0,
25,9,35.00000000000001,3.3,0,0,485,0,
33,11,101.63999999999999,12.8,0,0,348,2,67.33738978703818
37,20,54.76000000000002,4.0,0,0,472,0,63.60917786757151
17,9,40.459999999999994,0.8,0,0,468,0,62.70918292658669
10,6,0.0,4.1,0,0,380,1,
34,20,107.89333333333332,5.9,1,0,438,6,64.8659388933863
22,10,33.88000000000001,5.3,1,0,340,3,67.43905725223678
23,10,49.37333333333333,1.5,0,0,445,2,66.82491107355982
12,7,40.319999999999986,1.6,0,0,454,0,61.702591411414595
40,23,49.77777777777779,8.2,0,0,436,0,70.34762356252897
18,9,45.359999999999985,4.5,0,0,314,0,72.22525274292344
48,29,71.68,5.5,1,0,264,8,58.24581370467231
24,19,148.12000000000012,8.5,1,0,425,7,80.96936023691906
2,1,0.0,-1.7,1,0,457,0,
23,10,0.0,4.0,1,0,429,29,66.21316320129803
66,34,81.312,6.5,0,0,336,0,66.94756879338196
103,51,63.76062347614072,5.7,0,0,323,0,76.70512094517194
36,18,36.0,5.4,1,0,391,16,55.215183893839516
27,12,51.03,6.9,0,0,400,0,61.97092114459901
33,19,76.23,3.7,0,0,383,1,67.64102943596386
17,10,26.97333333333333,6.9,1,0,416,6,
88,45,90.34666666666668,5.8,0,0,251,3,72.46319374202618
13,5,47.320000000000036,-0.9,0,0,410,0,
15,5,21.000000000000007,1.5,0,0,405,0,
10,4,0.0,6.5,0,0,409,0,
71,38,65.12251655629139,6.4,1,1,282,33,65.64524599484035
25,12,23.051075268817208,7.1,0,0,377,0,73.89973965029985
54,21,46.622950819672134,7.8,0,0,306,0,69.12568289609182
14,8,0.0,4.3,0,0,396,0,53.751573959986366
47,29,309.2600000000004,6.6,0,0,376,0,80.3065580005447
26,14,63.09333333333332,3.7,0,0,367,0,66.6656847511019
19,10,33.69333333333333,0.9,0,0,245,0,64.51874765611831
33,14,50.820000000000014,3.8,0,1,542,0,68.83436714609465
84,46,52.90376314778241,4.9,0,0,289,0,64.76121431305295
36,21,120.95999999999995,5.6,0,0,383,0,67.25372565644128
16,9,0.0,3.6,0,0,958,0,68.01200856765112
52,24,36.89362774752975,3.9,0,0,920,2,70.92556023881549
45,22,63.00000000000002,9.7,0,0,911,1,67.83788158957448
95,51,64.54128000875968,4.5,1,1,884,5,80.61060901908648
13,9,0.0,11.3,0,1,921,1,69.16900291329338
25,16,87.50000000000006,5.0,0,0,918,5,61.72480051006589
26,11,24.760987654320992,2.6,0,0,911,1,79.31769123034817
13,6,0.0,-1.2,0,0,918,0,
56,25,56.0,6.1,0,0,890,2,74.7214514939558
46,18,42.04941176470588,3.7,0,0,847,1,65.27687942697888
5,4,0.0,8.4,0,0,905,0,
36,19,72.57600000000004,2.8,0,0,885,4,66.84465553788912
27,19,204.11999999999972,6.4,0,0,886,3,74.79545871416727
66,33,65.0,14.7,0,0,717,5,70.13846270385243
56,25,67.5446153846154,3.9,0,0,824,6,71.65133374787513
6,4,0.0,0.4,0,0,773,1,
18,8,90.71999999999997,1.4,0,0,848,1,59.231785649345035
27,16,68.03999999999998,9.6,0,0,816,0,66.7182247553553
2,2,0.0,5.5,0,0,854,2,
22,12,27.940000000000005,2.1,0,0,792,0,58.07808332500004
129,74,59.541600957887965,3.5,0,0,335,1,64.94691687680427
62,34,71.75466666666667,5.6,0,0,651,1,68.6348013225056
20,12,111.99999999999991,5.2,0,0,763,6,67.82242183883986
45,24,141.74999999999997,8.3,0,0,685,1,72.91987240314484
55,31,70.58333333333336,2.9,1,0,651,4,67.74496010371617
36,18,60.480000000000025,4.0,1,0,680,3,62.07825236377262
38,17,67.38666666666666,1.8,0,0,737,2,68.77744141079131
66,38,93.82153846153845,7.8,0,1,590,2,75.34633475754943
14,7,0.0,5.8,0,0,747,0,70.34631953352974
8,5,0.0,1.2,0,0,734,0,
83,39,83.0,6.6,0,0,439,3,63.83927989573706
15,13,0.0,5.5,0,0,702,0,
11,6,33.879999999999995,2.5,0,0,916,0,
88,51,77.90825688073394,6.7,0,0,294,3,75.5987346704517
47,22,61.85200000000001,9.1,0,0,385,1,72.62389102861995
18,10,90.71999999999997,5.8,0,0,663,1,70.08762984048754
46,26,65.83111111111113,5.8,0,0,374,4,76.19708584444153
12,7,40.319999999999986,5.9,0,0,675,0,
7,3,0.0,0.9,0,0,703,0,
42,22,70.56000000000003,7.7,0,0,828,1,78.7360659756121
8,8,0.0,9.7,0,0,665,0,
10,7,0.0,9.9,0,0,651,0,
12,8,40.319999999999986,7.3,0,0,444,2,69.92101619640985
7,3,0.0,1.6,0,0,660,0,
48,19,53.760000000000005,2.1,0,0,120,2,64.42573035047168
36,25,362.8799999999999,6.1,0,0,218,4,63.83714966830753
70,40,114.33333333333337,6.9,0,0,109,7,77.25444957613945
7,3,13.719999999999997,0.3,0,0,607,0,
34,20,107.89333333333332,4.3,0,0,405,4,67.4991151761441
43,27,54.88,20.5,0,0,359,2,61.21733543418703
2,2,0.0,7.3,0,1,570,0,
3,1,0.0,-4.0,1,0,561,0,
90,44,71.41679396172162,7.4,0,0,766,1,67.33048845614705
54,29,74.22545454545454,9.1,0,0,0,9,65.83426353477296
19,7,50.54000000000001,4.7,0,0,60,2,68.37048459620702
24,17,40.320000000000014,10.3,0,0,342,0,68.57052452507473
66,53,76.23,13.2,0,0,846,0,75.6224006059624
36,17,51.84000000000001,9.0,0,0,347,0,69.91607681626365
31,20,269.08000000000027,3.1,0,0,234,1,65.94884736197335
33,16,76.23,7.2,0,0,370,0,73.66190559807278
3,2,0.0,0.5,0,0,219,0,
11,7,0.0,5.0,0,0,459,0,
15,6,63.00000000000002,-2.4,0,0,386,1,
17,7,40.459999999999994,7.3,0,0,331,3,65.09839225383031
24,15,0.0,5.8,0,0,224,1,64.79186493726003
41,16,42.78909090909091,2.5,0,0,4,5,52.23664527847654
21,11,123.47999999999988,1.8,0,0,214,0,73.35490222488131
37,19,54.76000000000002,6.6,0,0,26,7,72.03964924528485
13,6,47.320000000000036,5.0,0,0,307,3,
8,7,17.92,2.0,0,0,385,1,
1,1,0.0,26.2,0,0,31,1,
5,2,0.0,7.4,0,0,282,1,
4,2,0.0,-4.2,0,0,297,0,
11,7,0.0,2.7,0,0,160,2,
7,5,0.0,1.2,0,1,215,0,
2,1,0.0,-6.4,0,0,292,0,
2,1,0.0,-1.7,0,0,272,0,
10,6,0.0,4.3,0,0,861,0,
1,1,0.0,-2.2,0,0,277,0,
1,1,0.0,35.6,0,0,274,0,
69,32,88.87200000000003,4.6,0,0,621,2,73.20967781401816
2,2,0.0,-1.7,0,0,115,0,
79,43,81.10666666666668,7.4,0,0,327,14,68.8404958162989
1,0,0.0,0.0,1,0,910,0,
10,6,14.000000000000004,0.4,0,0,688,1,
7,7,0.0,2.3,0,0,299,0,
7,4,0.0,0.9,0,0,663,0,
39,20,60.839999999999996,1.8,0,0,217,1,69.8004486305373
32,15,95.57333333333334,3.2,0,0,301,1,71.63746152960118
27,12,28.08,3.0,0,0,355,1,77.01810018292495
172,103,88.6530651238631,5.2,0,0,4425,5,67.28602850011417
130,64,132.1696551724138,4.4,0,0,4428,0,60.71526784272421
41,21,40.72727272727273,7.0,0,0,4432,0,57.451379795869194
24,13,32.256,2.2,0,0,4435,0,56.5312786471276
22,15,0.0,6.5,0,0,4431,0,64.80735840187187
39,15,70.98,5.1,0,0,4417,0,60.500613422620866
14,8,0.0,0.6,0,0,4430,0,56.45244093168349
8,5,0.0,3.2,0,0,4436,0,
10,6,0.0,1.9,0,0,4433,0,
75,38,92.6470588235294,6.4,0,0,4395,2,77.14079900511673
15,8,31.50000000000001,7.4,0,0,4426,0,67.44211376422928
14,7,27.439999999999994,0.7,0,0,4415,0,
6,3,0.0,1.2,0,0,4420,0,
37,21,47.915,6.5,0,0,4400,3,82.22864479092615
13,8,0.0,3.2,1,0,4412,0,
1,1,0.0,-6.9,0,0,4422,0,
91,47,105.39454545454545,5.8,0,0,4372,4,71.86603719545973
12,8,40.319999999999986,5.1,0,0,4408,0,67.49450571480251
5,2,0.0,-3.0,0,0,4410,0,
38,18,40.432,6.5,0,0,4386,0,68.5400360574325
6,3,10.080000000000004,2.0,0,0,4409,0,
69,41,69.0,5.1,0,0,4374,4,72.40271206856484
5,3,0.0,6.5,0,0,4407,0,
110,57,82.52155172413794,7.9,0,0,4351,6,66.10737024318605
174,95,92.61101853003358,5.8,1,1,4316,10,65.9766174143269
10,5,0.0,3.8,0,0,4399,0,
36,19,60.480000000000025,5.8,0,0,4373,0,53.738280846959064
10,5,28.000000000000007,-0.2,0,0,4395,0,
15,8,0.0,6.5,0,0,4390,0,67.21462819370485
109,55,63.136185485669195,8.7,0,0,4343,7,66.89229125068302
16,12,0.0,8.9,0,0,4389,0,75.92557549831413
4,4,0.0,14.7,0,0,4396,0,
39,22,60.839999999999996,5.7,1,0,4364,0,68.28534830184209
52,26,151.42400000000004,4.4,0,0,4366,0,63.338821416809445
2,2,0.0,3.1,0,0,4397,0,
6,2,0.0,-0.2,0,0,4394,0,
4,3,0.0,1.8,0,0,4392,0,
7,4,0.0,3.2,0,0,4388,0,
85,43,56.729490022172946,8.9,0,0,4317,4,60.04507293303808
26,14,37.85600000000001,11.7,0,0,4370,0,73.0276110981192
33,19,60.984000000000016,1.1,0,0,4365,1,67.61147606940496
58,31,72.45538461538462,10.7,0,0,4328,1,53.40950673534757
61,31,44.01550418653099,7.7,0,0,4347,4,67.89602683413595
34,22,53.94666666666666,1.8,0,0,4358,1,62.93213324887412
43,21,73.96000000000002,4.2,0,0,4351,1,67.51138518253961
18,9,45.359999999999985,4.7,0,0,4347,1,74.56571165294874
27,13,102.06,10.4,1,1,4360,1,66.45928685154233
2,2,0.0,17.3,0,0,4378,0,
29,11,51.03,3.2,0,0,4355,0,54.03612759851274
36,20,90.71999999999997,4.2,0,0,4349,0,69.67484219709323
12,8,0.0,4.7,0,0,4364,0,64.10233589510122
22,15,0.0,7.4,0,0,4355,0,76.10245048999786
23,13,74.05999999999996,2.1,0,0,4307,0,59.82331420694079
40,24,74.66666666666667,8.8,0,0,4338,1,47.76413838068645
174,92,81.18780470898125,9.9,0,0,4172,4,65.21965889703661
34,18,64.736,3.7,0,0,4271,5,69.67438427465302
195,117,101.2842932957544,7.2,0,0,4111,0,72.55292875426156
171,114,64.14715860899068,9.0,0,0,4130,4,74.22123414774737
1,0,0.0,0.0,0,0,4179,9,
4,2,0.0,4.1,0,0,4352,0,
29,16,39.24666666666668,4.5,0,0,4324,1,58.780154940627874
39,21,53.23499999999999,8.2,1,0,4313,2,63.09819409535044
275,166,104.46437254942109,7.9,0,0,3637,3,68.89266605888095
24,14,161.28000000000014,3.4,0,0,4327,0,68.15797707864216
8,5,0.0,6.1,0,0,4345,1,
111,61,61.81723423427345,7.3,0,0,4123,0,56.713623588993435
7,3,0.0,0.3,0,0,4274,0,
17,8,0.0,8.1,0,0,4327,0,77.01862436342275
44,18,67.76000000000002,2.6,0,0,4215,0,63.56873420022783
40,26,74.66666666666667,5.4,1,0,4365,1,60.23575230723336
406,241,85.36201585133327,6.9,0,0,1374,3,56.587687950758706
107,62,82.48481012658226,3.8,1,0,4119,2,64.10449338810784
51,22,66.20727272727274,6.9,0,0,4266,0,77.13912187942437
7,5,0.0,12.4,0,0,4330,0,
5,2,0.0,-1.1,0,0,4332,0,
104,62,104.21517241379311,10.3,0,0,4188,1,67.52104418618339
179,97,85.24619771863118,6.8,1,0,3865,2,65.26751269896826
112,62,82.27777777777777,7.3,0,0,4151,0,68.698054356944
27,12,102.06,12.3,0,0,4296,0,68.73040461824054
3,3,0.0,8.3,0,0,4258,0,
52,24,63.093333333333355,13.9,0,0,4255,0,72.4842836282083
71,42,94.09866666666666,6.7,1,0,4216,2,70.35547062045052
37,17,47.915,4.0,0,0,4187,0,70.33971980923698
11,4,33.879999999999995,-1.9,0,0,4311,0,
19,12,0.0,5.0,0,0,4313,7,79.25855855324438
21,13,123.47999999999988,8.8,0,0,4209,0,59.07536191599709
28,18,43.903999999999996,4.6,0,0,4198,0,69.10230489004225
32,16,89.69333333333331,14.4,0,0,4279,1,64.63055408426693
60,33,72.00000000000003,7.3,0,0,4220,1,65.75694474435988
72,51,145.15200000000007,11.6,0,0,4202,2,75.97878672005164
29,14,58.86999999999998,4.2,0,0,657,0,71.10376549618584
26,14,94.64000000000007,9.5,0,0,662,0,54.89153890382676
57,30,43.76223776223776,6.0,0,0,634,0,72.40836123625436
18,9,20.340000000000003,2.2,0,0,650,0,69.71255178962436
28,16,73.17333333333337,4.4,1,0,641,0,72.511689471347
78,41,75.67377734564901,8.8,0,0,562,0,80.90442346098521
22,15,45.17333333333334,8.9,0,0,604,0,77.01819382962726
54,26,102.06,5.8,0,0,648,0,70.20417955659684
43,17,43.071666666666665,8.6,0,0,534,1,80.95315909068587
50,25,77.77777777777776,7.5,0,0,576,0,68.98921987130528
12,6,0.0,8.5,0,0,597,0,
18,15,0.0,7.2,0,0,591,0,74.19231276781785
95,47,49.13636363636364,14.6,1,0,595,1,71.28097684610456
21,11,123.47999999999988,7.7,0,0,645,0,72.628710880166
5,4,0.0,14.0,0,0,517,0,
404,191,94.8237750055788,9.6,0,0,-2055,35,66.86364800802299
15,8,0.0,9.0,0,0,566,0,
27,11,68.03999999999998,1.7,0,0,547,0,67.09985789798554
139,71,62.78631284916201,8.3,0,0,291,3,72.03342016963732
15,7,63.00000000000002,2.7,0,0,544,0,
32,18,57.34400000000001,6.0,0,0,511,1,71.84934786387852
4,3,0.0,5.3,0,0,436,1,
28,12,219.52000000000015,6.1,0,0,480,0,76.69311538338661
40,16,49.77777777777779,2.6,0,0,443,4,67.93700758190381
304,152,52.49929078014185,8.4,0,0,-3240,42,63.344473817518775
96,55,76.19257221458047,8.6,0,0,291,4,66.80582467289197
49,24,67.22800000000001,5.0,0,0,289,0,47.35133832409269
11,6,33.879999999999995,-0.2,0,0,492,1,
40,21,74.66666666666667,3.7,0,0,425,2,60.04949297223773
150,84,51.20049784107753,5.0,0,0,-179,11,74.83387012034655
10,5,0.0,9.0,0,0,489,0,
113,64,72.7794703305456,9.1,0,0,65,3,75.99794325374421
237,134,88.00825491564584,8.4,0,0,-2258,3,73.54703281252158
18,9,30.240000000000013,6.9,0,0,662,0,67.16685674951545
23,12,49.37333333333333,4.9,0,0,436,3,70.51406710275582
8,5,17.92,2.0,0,0,461,1,
41,21,156.89333333333346,5.8,0,0,611,0,74.21644578155663
41,22,94.13600000000001,5.3,0,0,335,2,73.5512724451144
7,5,0.0,5.0,0,0,437,1,
166,96,84.80476563311072,11.4,0,0,-741,17,76.08891182712146
96,55,83.36842105263159,9.6,0,0,20,0,69.89925613715535
19,10,33.69333333333333,3.1,0,0,396,2,69.26638261814203
131,67,52.8352823304223,4.9,0,0,433,0,69.80097921831268
20,9,37.333333333333336,3.6,0,0,389,0,76.18022255954288
70,33,61.11675126903553,9.4,0,0,52,1,63.021327768053325
200,95,56.861977126742914,9.3,0,0,-2904,7,76.7030662402422
119,50,37.51848262991673,7.3,0,0,-464,0,77.6346338291963
444,225,70.68198047027786,8.8,0,0,-3937,11,75.13370560038656
11,3,33.879999999999995,0.3,0,0,373,0,
22,11,67.75999999999999,4.0,0,0,326,0,67.49921164342335
63,34,123.47999999999998,6.4,0,0,115,0,64.42038317521414
77,38,60.01353722306315,3.7,0,0,-58,0,73.20834675892478
12,6,0.0,2.4,0,0,350,0,
10,5,0.0,0.1,0,0,194,1,
31,15,53.81600000000002,2.4,0,0,253,0,81.33572183904194
1,1,0.0,12.0,0,0,400,1,
34,24,107.89333333333332,7.2,1,0,226,0,70.31550120030131
52,28,53.04,11.0,0,0,98,0,73.98383764638787
89,48,100.81272727272726,8.1,0,0,-334,5,60.95128325479371
100,45,47.50089306977853,6.0,0,0,-460,0,60.45296930131458
187,104,79.11372983233154,8.5,0,0,-4240,2,67.8537937856856
52,32,108.16000000000004,4.7,0,0,7,0,67.9984678469953
19,11,101.07999999999991,7.9,0,0,336,0,61.18803673556873
12,6,0.0,1.2,0,0,295,0,
148,95,82.17482837562667,11.1,0,0,-2620,4,53.26268538123086
38,19,134.7733333333333,8.0,0,0,-85,1,62.93463452408711
35,12,49.000000000000014,14.4,0,0,-59,0,75.97036890330769
89,51,56.57817060925204,9.2,0,0,-432,0,91.09721942139524
63,30,76.88000000000001,3.8,0,0,166,2,69.87440369668461
172,100,95.06979666548058,8.9,0,0,-3026,0,76.36221908032894
30,17,50.40000000000002,8.1,0,0,-55,0,69.8645259652819
121,62,71.52696078431373,8.7,0,0,-1905,2,77.8133022643271
50,23,25.049800796812747,4.0,0,0,-37,0,70.56749260851315
34,23,80.91999999999999,4.9,0,0,167,0,67.8919832621302
3,2,0.0,-1.2,0,0,316,0,
44,23,46.64,5.0,1,0,-294,3,67.96055978962353
137,72,84.67515466907263,6.9,0,0,-3424,1,76.7925559410027
143,86,82.25573794508315,7.8,0,0,-2264,2,75.79496847022146
106,51,60.18777943368109,7.6,0,0,-1545,7,67.67757887552891
67,31,53.331602373887236,5.2,0,0,-335,0,78.84579133685857
99,54,101.64000000000001,8.4,0,0,-918,0,69.05852187247503
6,3,0.0,4.3,0,0,89,0,
105,49,67.32680465275402,10.4,0,0,-292,0,75.14544991510255
80,37,73.93939393939394,16.7,0,0,-948,0,68.0117736437491
31,18,53.81600000000002,4.6,0,0,46,0,75.68552879439223
25,10,174.9999999999999,2.5,1,0,130,0,61.58593282813117
38,19,57.76,7.9,0,0,-64,0,61.99567906913303
45,22,63.00000000000002,5.0,0,0,622,0,72.5391958751494
40,21,63.999999999999986,5.3,0,0,-125,0,66.03594911949975
30,21,50.40000000000002,9.3,0,0,-1,0,67.91634155171258
754,425,76.23171989354624,9.6,0,0,878,8,71.82733152239096
259,139,98.7037037037037,8.5,1,1,1078,1,78.66544239569477
119,63,88.19461022693781,12.8,0,0,1078,0,74.08197050293288
94,45,74.51036682615629,8.9,0,0,1090,0,80.12474104762077
10,5,28.000000000000007,5.7,0,0,1092,0,
26,17,26.52,7.3,0,0,1077,0,80.16480012308985
23,14,148.12000000000012,7.9,0,0,1075,0,63.567825371310825
25,10,43.74999999999999,9.2,0,0,1072,1,72.04839074540705
2,2,0.0,24.3,0,0,1078,0,
15,8,63.00000000000002,5.5,0,0,1066,0,73.75428493888604
2,2,0.0,14.9,0,0,1076,0,
168,105,109.98324996709226,13.0,0,0,984,2,66.48257399598756
3,1,0.0,2.1,0,0,1066,0,
15,9,63.00000000000002,-0.2,0,0,1047,0,77.26994722726799
9,8,0.0,14.5,0,0,1047,0,
25,10,40.320000000000014,11.6,0,0,1019,1,
27,24,51.03,14.6,0,0,1021,0,
109,46,64.98194070273988,9.7,0,0,934,2,69.5571083752882
5,2,0.0,1.8,0,0,1032,0,
27,13,102.06,5.4,0,0,1012,0,61.567071151165734
148,79,83.27525418941819,13.9,0,0,1023,0,77.44745904755767
30,12,42.000000000000014,4.8,0,0,968,0,65.5792730904761
2,2,0.0,14.9,0,0,1025,0,
70,32,55.702264381884945,32.2,0,0,900,1,73.95760500360102
29,16,47.096,3.4,0,0,992,1,63.42405847140721
155,90,80.7375579030618,12.2,0,0,722,0,68.78310633557183
76,32,52.46869741146217,6.4,0,0,883,3,74.72832892977056
20,10,0.0,5.2,0,0,965,0,69.22054961323738
5,5,0.0,7.4,0,0,981,0,
11,6,33.879999999999995,1.0,0,0,891,0,
10,7,0.0,1.8,0,0,964,0,57.679443487099235
87,51,53.33928571428572,7.2,0,0,951,0,72.12089864271027
8,5,0.0,4.4,0,0,937,0,
2,2,0.0,19.6,0,0,948,0,
16,8,71.68,7.2,0,0,908,0,79.57202314975716
87,46,100.91999999999999,10.3,1,0,731,2,70.6657178877365
1,0,0.0,0.0,0,0,955,0,
50,22,51.92307692307693,7.2,0,0,816,0,76.75660665900934
20,7,56.000000000000014,6.2,0,0,881,0,72.77193432673812
115,64,77.31267328074445,11.6,0,0,623,4,74.50884403217405
4,3,0.0,5.3,0,0,670,7,
58,26,62.79466666666668,7.7,0,0,778,1,71.69560674755347
51,37,145.65600000000003,9.5,0,0,777,0,73.91577206906818
28,17,0.0,9.5,0,0,849,0,75.91003094400678
8,6,0.0,7.9,0,0,895,0,
7,4,0.0,-2.5,0,0,882,0,
26,15,94.64000000000007,5.0,0,0,719,0,58.79676888386408
54,30,68.04,7.7,0,0,614,2,68.38806069101251
39,20,60.839999999999996,7.1,0,0,773,0,79.20456678783965
4,2,0.0,-6.6,0,0,871,0,
122,77,66.31797535910974,12.1,1,0,376,102,77.81198626450661
2,2,0.0,3.1,0,0,873,1,
113,61,69.71926765475153,7.6,0,0,251,16,67.62276678567841
6,3,0.0,-2.0,0,0,918,0,
40,26,112.00000000000003,12.1,0,0,709,0,60.77918310960134
5,4,7.000000000000002,9.3,0,0,842,0,
88,56,103.25333333333334,8.7,0,0,345,5,74.4876816868782
4,5,0.0,12.4,0,0,845,0,
70,33,58.17567567567568,7.2,0,0,597,0,76.4681966443147
10,7,0.0,9.0,0,0,812,0,74.28423552108663
65,35,69.58823529411767,7.4,0,0,539,1,59.93833041616848
7,7,0.0,14.5,0,1,802,0,
7,4,0.0,0.9,0,0,797,0,
34,17,53.94666666666666,3.0,0,0,671,0,74.77826515123958
26,14,94.64000000000007,5.0,0,0,697,1,62.8149572582472
22,12,67.75999999999999,9.5,0,0,996,0,74.59455891734078
20,8,37.333333333333336,1.9,0,0,712,0,56.0260146856308
18,13,45.359999999999985,7.5,0,0,719,0,65.69443529560452
24,24,161.28000000000014,21.4,0,0,694,0,49.30800937470936
26,15,189.28000000000014,6.3,0,0,675,0,72.03164439470994
34,18,53.94666666666666,12.0,0,0,610,0,74.73962299880527
98,53,74.69783243989458,13.3,0,0,61,39,81.815624400042
74,39,74.0,5.7,0,0,268,26,63.56588736886069
46,21,53.861818181818194,7.8,0,0,554,0,74.7927114367485
43,21,51.77200000000001,4.7,0,0,554,0,65.88748665083021
4,2,0.0,5.3,0,0,589,0,
8,8,0.0,10.8,1,0,724,0,
55,29,77.00000000000003,7.4,0,0,357,4,73.91789296553249
21,10,123.47999999999988,8.6,1,0,651,0,54.58662616355079
20,8,37.333333333333336,2.6,0,0,654,0,71.92831676719445
4,2,0.0,4.1,0,0,738,0,
2,2,0.0,19.6,0,0,749,0,
2,2,0.0,2.6,0,1,746,0,
5,2,0.0,-4.9,0,0,714,0,
3,2,0.0,5.2,0,0,726,0,
27,10,40.82399999999999,10.9,0,0,599,0,77.01930011666957
22,20,135.52000000000015,11.6,0,0,614,0,
55,27,141.16666666666663,7.1,0,0,835,0,76.14469108659596
1,1,0.0,-2.2,0,0,709,0,
57,25,57.0,5.5,0,0,169,1,66.62796594734702
68,29,51.79765395894428,8.2,0,0,1141,32,72.03733377336037
47,20,47.0,3.5,0,1,1280,36,77.30902552249886
38,16,38.0,2.8,0,0,1311,18,76.74792140190091
16,10,71.68,5.7,0,1,1990,0,65.6286943659541
32,16,40.96000000000001,1.3,0,0,1222,3,72.42934835099038
16,7,17.92,-1.9,0,0,1981,0,
20,11,56.000000000000014,8.4,0,1,1358,3,39.26692392144884
22,9,33.88000000000001,6.1,0,0,1270,0,
18,6,18.144000000000002,3.5,0,0,1328,16,
16,7,35.84,4.0,0,1,1358,1,
16,10,71.68,5.5,0,1,1359,1,60.10550079601151
14,9,54.88000000000004,8.0,0,0,1374,4,67.19626149251347
48,22,71.68,1.0,0,0,853,3,66.53125126446996
30,14,42.000000000000014,1.0,0,0,1132,1,73.65927097520658
4,3,0.0,-3.0,0,0,1470,2,
58,31,78.49333333333335,3.0,0,0,367,8,66.58278136026293
30,15,42.000000000000014,8.6,0,0,1922,3,68.59618780158814
75,39,32.66752577319588,32.2,0,0,1177,1,44.38329693816957
15,6,31.50000000000001,2.7,0,0,1298,5,
75,35,61.007462686567166,4.7,0,0,1135,9,70.95039522364026
9,3,0.0,-0.8,0,0,1354,2,
10,8,0.0,2.4,0,0,1338,3,
22,11,67.75999999999999,7.6,0,0,1201,5,74.88659041978065
27,13,68.03999999999998,7.6,0,0,1144,1,65.33390553224653
16,11,71.68,8.7,0,0,1215,2,62.09982073023206
17,10,0.0,3.0,0,0,1212,1,70.35039308525268
46,20,49.37333333333333,1.4,0,0,546,3,77.64167569222904
35,13,49.000000000000014,0.4,0,1,994,17,59.38375528369632
3,3,0.0,-2.7,0,0,1360,4,
18,10,90.71999999999997,6.4,0,0,1151,2,64.41523993299121
21,9,24.695999999999998,0.6,0,0,1585,7,54.840862467175434
15,9,0.0,3.7,0,0,1183,1,62.19335304839271
17,13,80.91999999999999,0.0,0,0,1580,2,51.870994837511155
8,7,0.0,2.6,0,0,1699,2,
5,2,0.0,-6.8,0,0,1244,2,
19,8,0.0,2.7,0,0,990,1,
23,11,148.12000000000012,5.6,0,0,876,3,63.77769470924422
13,7,0.0,7.2,0,1,1109,1,
12,5,0.0,-2.6,0,0,1124,2,
17,8,40.459999999999994,3.4,0,0,1642,2,
16,8,23.893333333333334,2.8,0,0,927,1,
3,2,0.0,-2.7,0,0,1239,2,
38,21,80.86400000000003,15.8,0,0,1327,44,62.71251127833411
18,6,90.71999999999997,4.6,0,1,913,31,
20,12,37.333333333333336,3.3,0,0,964,5,63.72757852077484
25,12,35.00000000000001,10.7,0,0,830,1,70.44163788003581
13,8,0.0,3.9,0,0,958,2,62.8412782791115
34,21,107.89333333333332,6.6,0,1,1858,4,57.195993761221565
8,4,17.92,-5.1,0,0,1107,2,
23,12,37.03,7.1,0,1,844,2,59.90733632019588
23,13,49.37333333333333,6.0,0,1,1502,14,66.52789868059612
11,7,0.0,3.8,0,0,1002,2,
51,21,56.02153846153847,20.5,0,0,1714,14,75.15391600983483
14,6,27.439999999999994,-0.4,0,0,1482,3,
47,24,77.315,18.8,0,1,984,8,71.07793675303193
23,12,49.37333333333333,4.0,0,0,311,1,76.1648094458949
24,13,80.63999999999997,1.4,0,0,1451,1,70.22453656508809
27,12,22.439189189189186,7.7,0,1,1362,75,55.035277491524106
12,6,40.319999999999986,-1.0,0,0,883,4,
30,13,30.0,8.6,0,0,1363,2,60.049787092776526
46,24,39.1,3.3,0,1,1700,2,65.96615129993076
5,2,0.0,-3.0,0,0,1109,2,
12,6,0.0,1.9,0,0,972,11,
7,3,0.0,-2.5,0,0,1014,1,
9,4,0.0,4.0,0,1,918,1,
26,10,43.74999999999999,9.0,0,0,132,2,72.07277826964855
24,17,161.28000000000014,7.5,0,0,251,10,56.80572596334276
16,10,0.0,5.4,0,1,822,1,63.362896477892285
29,18,235.4800000000003,4.8,0,1,1330,4,64.34880946541116
5,5,0.0,11.2,0,0,998,2,
13,8,47.320000000000036,5.0,0,0,902,1,81.30874587666422
25,9,29.16666666666667,8.4,0,1,1372,3,71.92835027263278
52,25,35.938036580813744,4.8,0,0,296,6,36.179440362112864
21,11,41.15999999999999,1.5,0,0,506,3,77.55982224785146
36,15,51.84000000000001,5.4,0,0,1769,3,68.58428725529284
26,10,94.64000000000007,2.7,0,0,171,6,81.13908406701826
42,22,54.88,17.2,0,0,1116,2,65.34622520030963
13,8,0.0,5.0,0,0,591,4,65.97129624070865
21,15,41.15999999999999,5.9,0,1,117,2,71.50221114889497
39,19,70.98,14.3,0,0,1146,2,51.7197725318727
15,10,63.00000000000002,3.7,0,0,696,0,62.97522130466643
7,5,0.0,0.4,0,1,670,2,
20,9,56.000000000000014,5.5,0,0,446,0,62.15575972483271
12,8,40.319999999999986,0.7,0,0,787,0,
28,15,43.903999999999996,11.1,0,0,1260,9,64.23108364854541
15,14,63.00000000000002,10.9,0,0,1314,2,
20,10,111.99999999999991,0.8,0,1,1361,8,58.3648457413628
27,13,40.82399999999999,-0.3,0,1,1268,1,72.52100337119329
11,7,33.879999999999995,1.2,0,0,1489,7,
16,9,35.84,3.5,0,0,1403,4,52.255541866733914
242,129,73.48991696322658,10.0,1,0,680,3,62.019563927536915
122,58,57.38107245173558,4.3,1,0,677,4,82.29440494684414
84,42,83.86608695652174,8.4,0,0,685,0,67.52225987258412
104,51,46.50704225352113,9.8,0,0,668,4,71.80969583846274
67,33,67.0,10.0,0,0,689,0,64.73062808314958
46,21,59.24800000000001,2.8,0,0,680,0,60.02765152425993
58,31,134.56,5.8,0,0,681,2,78.29173083106676
47,20,37.208333333333336,3.9,0,0,681,1,84.64914077804202
38,21,101.08000000000003,4.8,0,0,685,0,62.577371228308905
44,29,90.34666666666668,6.5,0,0,674,1,66.01713956111954
50,25,50.0,4.1,1,0,679,1,71.38243154400871
4,3,0.0,1.8,0,0,692,0,
21,12,41.15999999999999,5.1,0,0,690,0,58.09616893529892
162,82,81.44065281899111,6.2,0,0,594,8,71.45159368713698
73,39,74.60600000000001,4.3,0,0,648,29,80.1448939190734
11,3,33.879999999999995,0.5,0,0,693,0,
20,10,56.000000000000014,3.6,0,0,685,0,69.21448954602792
61,25,50.184397163120565,5.1,0,0,666,4,73.10030208457083
13,7,47.320000000000036,2.4,0,0,689,0,64.44099087800298
20,11,28.000000000000007,5.2,0,0,670,0,62.41162710246586
62,23,48.833609868705814,6.2,0,0,664,3,75.94336563100418
117,65,88.98136645962734,8.4,0,0,610,11,66.37011425835746
62,28,52.14830508474576,5.5,0,0,664,3,69.28034453164965
66,33,93.82153846153845,5.1,0,0,663,3,74.60296668467068
6,4,0.0,-0.5,0,0,692,0,
31,17,32.3175,3.7,0,0,654,1,61.757973475115634
46,23,84.64,5.2,0,0,664,0,59.405366437775754
7,4,0.0,5.6,0,0,688,0,
5,3,0.0,1.8,0,0,690,0,
9,7,0.0,12.4,0,0,689,0,
26,14,47.32000000000001,3.0,0,0,676,0,65.30900209077767
4,2,4.48,-4.2,0,0,690,0,
2,1,0.0,-4.0,0,0,691,0,
2,2,0.0,0.8,0,0,691,0,
5,5,0.0,5.6,0,0,686,0,
7,3,0.0,5.0,0,0,686,0,
44,25,77.44000000000003,3.9,0,0,641,1,79.87967100704
59,29,81.22333333333333,9.7,0,0,659,3,67.698292079426
6,3,0.0,5.1,0,0,686,0,
48,23,28.93298778230285,4.1,0,0,661,2,66.60067318450838
12,6,0.0,6.6,0,0,679,0,
22,8,27.104,6.3,0,0,646,0,68.26654583925293
8,4,0.0,7.7,0,0,678,0,
20,11,56.000000000000014,1.0,0,0,665,0,55.27940236386799
31,13,44.84666666666666,11.8,0,0,634,1,59.85348423322042
4,4,0.0,2.9,0,0,678,0,
18,10,45.359999999999985,-0.3,0,0,667,0,67.32270838249296
68,35,48.71139545056867,10.3,0,0,640,1,63.40646272791284
2,2,0.0,3.1,0,0,679,0,
33,18,38.115,2.0,0,0,626,0,63.279503300076435
58,23,32.32533602618567,3.5,0,0,643,2,66.073715757756
75,37,78.75,6.0,0,0,633,2,62.184483806292214
8,6,0.0,6.7,0,0,669,0,
65,33,53.47517730496455,4.9,0,0,603,0,74.04801733791828
25,14,148.12000000000012,8.3,0,0,653,0,65.37632885433379
67,32,67.0,4.1,0,0,595,3,62.07134205670584
49,24,61.11636363636364,3.2,0,0,637,0,62.15193952832904
79,40,40.805316091954026,6.3,0,0,625,4,72.0563126107057
15,11,0.0,9.3,0,0,659,0,59.86462199971789
123,64,67.78638508406249,3.3,0,0,546,15,71.29178199739682
35,20,57.166666666666686,7.9,0,0,610,0,66.13027811759994
169,75,56.333333333333336,6.2,0,0,642,0,67.54928933722633
12,6,40.319999999999986,1.2,0,0,657,0,
27,13,102.06,3.1,0,0,645,0,62.7466279126349
5,3,0.0,0.9,1,0,660,0,
2,2,0.0,10.2,0,0,664,0,
8,6,0.0,5.6,0,0,659,0,
92,40,50.23074768049307,5.2,0,0,671,0,63.566185853311
35,14,57.166666666666686,5.1,0,0,603,1,62.83734554336184
80,39,55.8271379505239,4.6,0,0,620,5,75.47191945569855
145,85,84.44117647058825,12.7,0,0,639,1,70.53761922177814
139,74,89.95186484429297,8.6,0,0,493,8,78.89783623672668
24,12,80.63999999999997,4.0,0,0,643,0,64.64111840441113
69,36,83.3175,15.1,0,0,676,0,75.48926223091603
36,16,51.84000000000001,3.3,0,0,594,0,62.422726516212734
7,7,0.0,11.0,0,0,654,0,63.64149763470605
23,13,29.624000000000006,3.6,0,0,642,0,63.4880705958321
41,22,63.999999999999986,6.6,0,0,629,1,67.3172496614002
5,3,0.0,-3.0,0,0,616,0,
268,127,91.40837179233932,8.8,0,0,437,16,70.58651493418783
6,5,0.0,13.0,0,0,651,0,
137,74,113.79349676540687,5.6,0,0,465,5,65.24218083137558
48,25,58.64727272727274,5.3,0,0,674,0,64.06742220833188
18,8,30.240000000000013,8.8,0,0,692,0,74.90293152985119
206,100,65.741573842091,7.6,0,0,506,13,66.72578645603997
10,5,28.000000000000007,1.9,0,0,643,0,
266,136,75.5339150332433,10.9,0,0,388,8,69.47977961528868
16,7,0.0,-1.0,0,0,638,0,59.4332081930978
72,38,74.28842105263159,7.9,1,0,538,5,65.2407663918677
3,3,0.0,11.5,0,0,599,0,
302,173,151.0,8.3,1,0,2538,5,70.25533098550069
9,5,0.0,-0.3,0,0,2654,0,
19,10,33.69333333333333,7.4,0,0,2648,0,59.76408947081793
23,12,74.05999999999996,3.7,0,0,2643,0,54.753367815698894
27,12,51.03,9.0,0,0,2637,0,54.73307889132273
67,32,83.79466666666669,5.6,1,0,2613,0,68.38426646732148
14,8,54.88000000000004,5.3,0,0,2639,0,
8,3,0.0,-2.8,0,0,2636,0,
1,1,0.0,-2.2,0,0,2635,0,
10,9,0.0,14.5,0,0,2626,0,68.18792287792478
22,10,67.75999999999999,2.7,0,0,2616,0,68.97322134602636
20,8,56.000000000000014,-0.3,0,0,2612,0,69.4844836635249
13,6,47.320000000000036,-1.2,0,0,2600,0,
53,28,60.50153846153848,4.6,0,0,2583,0,70.7750937058812
130,71,50.60045696154472,5.6,0,0,2467,10,70.81233809391657
40,24,49.77777777777779,4.6,0,0,2578,1,66.0707372285071
8,6,0.0,5.6,0,0,2600,0,
22,11,67.75999999999999,1.1,0,0,2585,0,62.002163451342355
11,8,33.879999999999995,5.5,0,0,2585,0,56.330581506093345
68,39,89.77999999999999,8.0,0,0,2538,3,74.37309772663173
1,1,0.0,-2.2,0,0,2543,0,
9,4,0.0,0.9,0,0,2527,0,
3,3,0.0,8.3,0,0,2578,0,
75,42,47.99598730869728,3.2,0,0,2515,7,59.644506020205355
15,9,0.0,8.4,0,0,2569,0,60.92871413344428
71,32,78.41555555555556,0.7,0,0,2505,6,64.53796018447194
9,4,0.0,-0.4,0,0,2521,0,
16,9,71.68,11.0,0,0,2565,0,65.55089265817688
12,8,40.319999999999986,-0.4,0,1,2568,0,
9,8,0.0,5.1,0,0,2568,0,63.788985212643944
8,3,0.0,-2.8,0,0,2569,0,
29,18,58.86999999999998,2.8,0,0,2485,1,74.37093225972993
65,34,53.749142587670406,2.5,0,0,2506,5,61.05192580393383
9,5,0.0,2.9,0,0,2566,0,
4,3,0.0,4.1,0,0,2570,0,
13,5,47.320000000000036,2.1,0,0,2559,0,
51,32,116.66666666666669,4.7,0,0,2505,4,70.96779740282467
19,14,101.07999999999991,6.0,0,0,2545,0,71.51631727105095
28,17,73.17333333333337,2.7,0,0,2531,1,68.01996709158024
4,2,0.0,-1.9,0,0,2562,0,
19,9,50.54000000000001,1.8,0,0,2538,0,
6,4,0.0,4.3,0,0,2554,0,
44,21,44.58666666666667,2.8,0,0,2499,4,71.39487689627069
6,6,10.080000000000004,5.9,0,0,2551,0,
37,19,47.915,1.9,0,0,2507,1,69.78265100291797
52,23,52.0,2.8,0,0,2495,7,58.766607585407435
21,11,61.74000000000001,7.3,0,0,2529,0,61.98395142952601
7,4,0.0,1.6,0,0,2545,0,
6,3,0.0,-1.2,0,0,2545,0,
11,8,0.0,9.3,0,0,2529,0,
22,14,45.17333333333334,7.6,0,0,2518,0,76.28319953246752
27,12,34.02,0.8,0,0,2563,0,62.60221543766203
9,6,0.0,2.3,0,0,2533,0,
47,23,47.28923076923077,3.5,0,0,2470,2,67.43422650865146
6,4,0.0,2.0,0,0,2533,0,
9,5,0.0,10.3,0,0,2530,0,
20,10,111.99999999999991,7.4,0,0,2565,0,47.94513398692721
8,7,0.0,9.4,0,0,2526,0,64.91188045058932
28,17,54.87999999999999,4.2,0,0,2498,3,65.75049573466892
30,13,33.00000000000001,2.7,0,0,2491,2,66.66384821846371
30,17,50.40000000000002,4.3,0,0,2482,0,68.0227144133477
3,2,0.0,5.2,0,0,2532,0,
41,18,58.83500000000002,4.2,0,0,2446,1,67.90875019062132
3,3,0.0,5.2,0,0,2525,0,
15,7,63.00000000000002,4.3,0,0,2505,1,63.66576374996276
4,2,0.0,0.6,0,0,2524,0,
15,9,63.00000000000002,3.3,0,0,2499,0,70.96896215918518
5,3,0.0,7.4,0,0,2519,0,
11,5,0.0,4.4,0,0,2502,0,
4,2,0.0,-0.7,0,0,2520,0,
22,9,33.88000000000001,2.5,0,0,2479,0,70.42306129421506
2,2,0.0,5.5,0,0,2523,0,
6,4,0.0,8.3,0,0,2511,0,
9,6,0.0,5.1,0,0,2498,0,
28,16,219.52000000000015,2.1,0,0,2452,1,63.900447530405856
21,13,41.15999999999999,11.6,0,0,2461,1,72.13942602808986
17,10,0.0,12.8,0,0,2462,0,69.51170542410442
5,4,0.0,3.7,0,0,2482,0,
59,32,54.87988826815643,4.2,1,0,2350,4,70.39109421450466
11,6,0.0,1.9,0,0,2450,2,
5,4,0.0,4.6,0,0,2352,1,
10,6,0.0,5.7,0,0,2494,0,
13,7,47.320000000000036,5.7,0,0,2421,1,69.59102850939546
75,39,92.6470588235294,5.2,0,0,2221,0,60.90463506323951
77,31,49.40334813170551,5.7,0,0,2170,0,72.57195931105387
50,30,30.492488696582242,1.7,0,1,2244,1,67.93217495793388
52,34,94.64000000000001,3.2,0,0,2224,0,71.16420471242496
25,17,87.50000000000006,12.4,0,1,2342,1,72.73362094447727
37,17,191.66,9.7,0,0,2278,0,73.5911162836211
28,14,36.586666666666666,0.9,0,0,2300,0,66.40411338635853
78,42,78.0,3.9,0,0,1528,0,70.96543094764152
79,40,49.808332215215344,10.4,0,1,1510,2,64.36400817973274
21,12,61.74000000000001,4.5,0,0,1530,0,67.06122990165439
25,12,174.9999999999999,0.8,0,0,1524,0,57.21074761379332
14,7,0.0,5.4,0,0,1527,0,
60,34,67.2,6.0,0,0,1502,2,83.38731937110424
7,6,0.0,5.0,0,0,1530,0,
6,5,0.0,2.0,0,0,1530,0,
34,16,80.91999999999999,8.4,0,0,1512,3,67.21327609959103
3,3,0.0,5.2,0,0,1525,0,
18,11,30.240000000000013,2.7,0,0,1516,1,62.291874559152696
16,10,0.0,9.2,0,0,1516,2,64.87940429222017
84,41,103.98315789473686,5.3,0,0,1488,3,52.64525534141631
15,9,31.50000000000001,0.2,0,0,1522,0,55.89487495876494
5,4,0.0,6.5,0,0,1518,2,
8,7,0.0,0.0,0,0,1514,1,
2,1,0.0,0.8,0,0,1519,2,
13,5,23.660000000000004,-1.6,0,0,1504,2,
14,8,54.88000000000004,6.3,0,0,1504,2,73.26834437747797
2,2,0.0,12.5,0,0,1512,1,
20,11,111.99999999999991,2.9,0,0,1497,2,67.73412316328003
3,3,0.0,8.3,0,0,1511,1,
47,21,51.54333333333333,4.4,0,0,1482,2,72.6666350804624
8,4,0.0,2.0,0,0,1504,1,
23,14,74.05999999999996,3.8,0,0,1494,0,66.07100665569305
65,32,65.0,5.4,0,0,1469,2,74.4589549090181
8,5,0.0,4.9,0,0,1494,0,
10,6,28.000000000000007,0.1,0,0,1492,1,
14,9,18.293333333333333,0.7,0,0,1492,2,63.59764972612971
13,9,0.0,1.7,0,0,1486,0,62.35479946647372
12,5,40.319999999999986,5.8,0,0,1493,1,
11,9,16.940000000000005,4.4,0,0,1490,1,69.4079554151921
6,5,0.0,8.3,0,0,1493,0,
9,6,22.679999999999993,10.3,0,0,1489,0,
28,17,109.76000000000008,2.0,0,0,1479,1,57.53817686012813
18,12,0.0,1.1,0,0,1482,1,59.8046804467837
15,8,0.0,4.9,0,0,1485,1,67.81218108676728
13,6,0.0,3.2,0,0,1483,1,
10,5,0.0,2.9,0,0,1483,0,
7,3,0.0,-1.9,0,0,1489,1,
27,18,34.02,5.4,0,0,1472,1,58.45421659094947
1,1,0.0,-2.2,0,0,1491,1,
12,8,0.0,16.9,0,0,1479,1,
33,15,38.115,3.9,0,0,1464,1,69.8635488393761
17,10,26.97333333333333,5.5,0,0,1476,1,66.86955708123389
2,2,0.0,7.8,0,0,1489,1,
27,16,51.03,5.4,0,0,1461,0,75.24832879148778
12,5,40.319999999999986,0.7,0,0,1475,0,
6,5,0.0,5.9,0,0,1477,1,
10,5,0.0,2.4,0,0,1471,0,
38,17,50.54000000000001,0.7,0,0,1453,1,69.73450910300016
4,3,0.0,10.0,0,0,1477,1,
35,19,68.59999999999998,6.6,0,0,1453,0,71.09729675576091
23,13,74.05999999999996,9.3,0,0,1461,1,73.70557469271478
27,18,40.82399999999999,13.2,0,0,1455,0,61.32468049015317
78,40,74.0,4.0,0,0,1424,3,74.75292334953943
2,2,0.0,7.8,0,0,1470,0,
25,14,58.33333333333334,5.9,0,0,1452,0,76.48781623159137
16,11,71.68,10.1,0,0,1456,0,69.16883768779891
6,4,0.0,4.3,0,0,1455,0,
13,7,47.320000000000036,-3.4,0,0,1457,0,
8,4,0.0,-1.0,0,0,1447,0,
60,40,77.53846153846155,6.6,0,0,1429,0,72.6636772354444
13,5,0.0,1.7,0,0,1454,0,
3,4,0.0,2.1,0,0,1463,0,
3,1,0.0,5.2,0,0,1461,0,
60,36,112.0,3.9,0,0,1388,6,59.51246862588007
8,4,0.0,1.4,0,0,1438,0,
1,1,0.0,-2.2,0,0,1460,0,
18,8,90.71999999999997,3.7,0,0,1443,0,75.19984749101457
2,1,0.0,-4.0,0,0,1455,0,
6,5,0.0,5.1,0,0,1431,0,
4,5,0.0,5.3,0,0,1448,0,
26,14,63.09333333333332,6.1,0,0,1432,2,74.2154740861484
3,3,0.0,9.9,0,0,1446,0,
16,8,35.84,7.8,0,0,1434,0,74.96738632520041
10,4,28.000000000000007,1.5,0,0,1439,0,
6,5,0.0,8.3,0,0,1442,0,
6,4,0.0,4.3,0,0,1413,0,
2,2,0.0,0.8,0,0,1444,0,
33,21,76.23,4.0,0,0,1407,1,45.38121805304572
61,36,63.05875000000001,5.0,0,0,1480,1,68.7311090528965
2,2,0.0,0.8,0,0,1440,0,
27,13,25.515,13.0,0,0,1347,0,66.62423958381018
86,51,56.39055511088093,3.3,0,0,1325,3,79.1928634934482
45,20,81.00000000000001,6.2,0,0,1376,3,71.44120704560054
57,28,75.81000000000002,5.1,0,0,1348,2,65.8219634732675
7,5,0.0,6.3,0,0,1425,0,
12,8,20.160000000000007,6.7,0,0,1415,1,
72,28,53.38925995191023,13.1,0,0,680,0,66.5065046222437
49,21,96.03999999999998,23.0,0,0,646,0,57.5439751857803
154,95,82.45278969957081,5.3,1,0,590,2,83.6866620595434
30,12,42.000000000000014,3.6,0,0,644,0,69.50503853814942
6,4,0.0,2.8,0,0,661,0,
22,13,67.75999999999999,5.0,0,0,635,0,64.71822276001885
71,34,52.33293994230266,4.7,0,1,592,1,74.18414230147997
48,31,92.16,5.7,1,0,604,0,74.94201723020524
43,24,103.54400000000003,2.3,0,0,605,1,67.98489168286324
43,20,57.524444444444434,20.2,0,0,676,0,63.52802919489997
4,4,4.48,8.8,0,0,619,0,
112,51,90.89566395663957,5.4,0,0,500,6,75.59193660105977
20,7,56.000000000000014,-0.3,0,0,596,1,74.28478747606277
10,5,0.0,7.9,0,0,600,0,
13,6,23.660000000000004,-4.2,0,0,669,0,
29,13,78.49333333333335,4.3,0,0,490,0,80.01387855481535
47,24,61.85200000000001,3.6,0,0,450,1,72.52667574655443
2,2,0.0,7.8,0,0,585,0,
4,3,0.0,1.8,0,0,495,0,
10,7,0.0,2.7,0,0,616,0,
30,16,84.00000000000003,2.4,0,0,512,4,69.61016683351427
14,7,0.0,2.1,0,0,535,2,60.16920123781476
39,18,85.17600000000002,8.4,0,0,392,1,72.78764090012938
24,13,80.63999999999997,2.0,0,0,406,0,63.78117799758911
12,9,40.319999999999986,13.6,0,0,520,0,75.39944666482154
88,44,71.79373848987109,7.2,0,0,352,4,66.34444214758419
3,1,0.0,-4.3,0,0,540,4,
18,11,0.0,4.8,0,0,491,0,64.37181305317652
22,11,67.75999999999999,2.1,0,0,484,0,70.99999835093817
11,5,33.879999999999995,2.9,0,0,506,1,
16,6,23.893333333333334,-0.2,0,0,494,0,
69,35,83.3175,7.0,0,0,380,0,71.52119521495133
15,11,63.00000000000002,1.2,0,0,486,0,65.873245415943
62,31,119.59111111111113,7.4,0,0,391,1,80.92124986329249
11,8,0.0,8.0,0,0,496,1,64.26604671315069
15,12,63.00000000000002,7.8,0,0,481,0,72.9289221178208
5,4,0.0,3.7,0,0,507,0,
11,7,33.879999999999995,1.0,0,0,480,0,
112,48,51.29545454545455,11.1,1,0,138,10,74.26549771445848
2,2,0.0,12.5,0,0,492,0,
10,3,0.0,-1.0,0,0,461,0,
16,7,71.68,3.1,0,0,445,0,57.38670847245625
11,5,0.0,0.8,0,0,446,0,
24,12,161.28000000000014,12.0,0,0,412,1,75.06900947718394
10,6,28.000000000000007,0.9,0,0,345,0,
8,3,0.0,0.8,0,0,451,1,
12,6,0.0,5.4,0,0,436,0,
5,2,0.0,-4.0,0,0,459,0,
77,41,63.30811767308117,4.6,0,0,226,3,68.67078572866463
19,15,0.0,5.0,0,0,292,0,71.69107532217389
59,26,60.49942251297091,5.6,0,0,261,1,65.35270383492822
3,2,0.0,-1.2,0,0,453,1,
4,4,4.48,8.8,0,0,448,1,
3,2,0.0,-1.2,0,0,446,1,
31,15,89.69333333333331,1.6,0,0,337,0,73.47209357789585
7,6,0.0,7.6,0,0,422,2,
1,0,0.0,0.0,0,0,450,0,
11,8,0.0,4.8,0,0,398,1,69.73705442533607
211,121,113.61490588811849,8.4,0,0,485,0,67.5613528915814
15,7,21.000000000000007,6.2,0,0,381,0,64.48257977054233
65,38,69.58823529411767,4.3,0,0,184,17,73.1678817997731
135,70,66.01055438109361,7.6,0,0,162,7,55.252269194239666
13,11,15.773333333333339,8.6,0,0,376,0,74.61948071916899
23,12,37.03,4.3,0,0,179,0,68.84146559806096
7,5,0.0,2.3,0,0,391,0,
68,38,76.16000000000001,4.0,1,0,96,36,68.1695521831335
5,5,7.000000000000002,11.2,0,0,394,0,
43,23,43.0,7.3,0,0,207,1,64.52085711061954
5,4,0.0,7.4,0,0,388,0,
